{
  "model": {
    "arch": [
      1,
      16,
      16,
      1
    ],
    "activations": [
      "tanh",
      "tanh"
    ],
    "weights": {
      "W1": [
        [
          0.1
        ],
        [
          0.2
        ],
        [
          0.30000000000000004
        ],
        [
          0.4
        ],
        [
          0.5
        ],
        [
          0.6000000000000001
        ],
        [
          0.7000000000000001
        ],
        [
          0.8
        ],
        [
          0.9
        ],
        [
          1.0
        ],
        [
          1.1
        ],
        [
          1.2000000000000002
        ],
        [
          1.3
        ],
        [
          1.4000000000000001
        ],
        [
          1.5
        ],
        [
          1.6
        ]
      ],
      "b1": [
        -0.4,
        -0.35000000000000003,
        -0.30000000000000004,
        -0.25,
        -0.2,
        -0.15000000000000002,
        -0.1,
        -0.05,
        0.0,
        0.05,
        0.1,
        0.15000000000000002,
        0.2,
        0.25,
        0.30000000000000004,
        0.35000000000000003
      ],
      "Wm": [
        [
          1.0,
          0.05,
          0.05,
          0.05,
          0.05,
          0.05,
          0.05,
          0.05,
          0.05,
          0.05,
          0.05,
          0.05,
          0.05,
          0.05,
          0.05,
          0.05
        ],
        [
          0.05,
          1.0,
          0.05,
          0.05,
          0.05,
          0.05,
          0.05,
          0.05,
          0.05,
          0.05,
          0.05,
          0.05,
          0.05,
          0.05,
          0.05,
          0.05
        ],
        [
          0.05,
          0.05,
          1.0,
          0.05,
          0.05,
          0.05,
          0.05,
          0.05,
          0.05,
          0.05,
          0.05,
          0.05,
          0.05,
          0.05,
          0.05,
          0.05
        ],
        [
          0.05,
          0.05,
          0.05,
          1.0,
          0.05,
          0.05,
          0.05,
          0.05,
          0.05,
          0.05,
          0.05,
          0.05,
          0.05,
          0.05,
          0.05,
          0.05
        ],
        [
          0.05,
          0.05,
          0.05,
          0.05,
          1.0,
          0.05,
          0.05,
          0.05,
          0.05,
          0.05,
          0.05,
          0.05,
          0.05,
          0.05,
          0.05,
          0.05
        ],
        [
          0.05,
          0.05,
          0.05,
          0.05,
          0.05,
          1.0,
          0.05,
          0.05,
          0.05,
          0.05,
          0.05,
          0.05,
          0.05,
          0.05,
          0.05,
          0.05
        ],
        [
          0.05,
          0.05,
          0.05,
          0.05,
          0.05,
          0.05,
          1.0,
          0.05,
          0.05,
          0.05,
          0.05,
          0.05,
          0.05,
          0.05,
          0.05,
          0.05
        ],
        [
          0.05,
          0.05,
          0.05,
          0.05,
          0.05,
          0.05,
          0.05,
          1.0,
          0.05,
          0.05,
          0.05,
          0.05,
          0.05,
          0.05,
          0.05,
          0.05
        ],
        [
          0.05,
          0.05,
          0.05,
          0.05,
          0.05,
          0.05,
          0.05,
          0.05,
          1.0,
          0.05,
          0.05,
          0.05,
          0.05,
          0.05,
          0.05,
          0.05
        ],
        [
          0.05,
          0.05,
          0.05,
          0.05,
          0.05,
          0.05,
          0.05,
          0.05,
          0.05,
          1.0,
          0.05,
          0.05,
          0.05,
          0.05,
          0.05,
          0.05
        ],
        [
          0.05,
          0.05,
          0.05,
          0.05,
          0.05,
          0.05,
          0.05,
          0.05,
          0.05,
          0.05,
          1.0,
          0.05,
          0.05,
          0.05,
          0.05,
          0.05
        ],
        [
          0.05,
          0.05,
          0.05,
          0.05,
          0.05,
          0.05,
          0.05,
          0.05,
          0.05,
          0.05,
          0.05,
          1.0,
          0.05,
          0.05,
          0.05,
          0.05
        ],
        [
          0.05,
          0.05,
          0.05,
          0.05,
          0.05,
          0.05,
          0.05,
          0.05,
          0.05,
          0.05,
          0.05,
          0.05,
          1.0,
          0.05,
          0.05,
          0.05
        ],
        [
          0.05,
          0.05,
          0.05,
          0.05,
          0.05,
          0.05,
          0.05,
          0.05,
          0.05,
          0.05,
          0.05,
          0.05,
          0.05,
          1.0,
          0.05,
          0.05
        ],
        [
          0.05,
          0.05,
          0.05,
          0.05,
          0.05,
          0.05,
          0.05,
          0.05,
          0.05,
          0.05,
          0.05,
          0.05,
          0.05,
          0.05,
          1.0,
          0.05
        ],
        [
          0.05,
          0.05,
          0.05,
          0.05,
          0.05,
          0.05,
          0.05,
          0.05,
          0.05,
          0.05,
          0.05,
          0.05,
          0.05,
          0.05,
          0.05,
          1.0
        ]
      ],
      "bm": [
        0.0,
        0.0,
        0.0,
        0.0,
        0.0,
        0.0,
        0.0,
        0.0,
        0.0,
        0.0,
        0.0,
        0.0,
        0.0,
        0.0,
        0.0,
        0.0
      ],
      "W2": [
        [
          0.1,
          0.11,
          0.12000000000000001,
          0.13,
          0.14,
          0.15000000000000002,
          0.16,
          0.17,
          0.18,
          0.19,
          0.2,
          0.21000000000000002,
          0.22,
          0.23,
          0.24000000000000002,
          0.25
        ]
      ],
      "b2": [
        0.0
      ]
    }
  },
  "pinn": {
    "pde": "uxx",
    "domain": [
      0.0,
      1.0
    ],
    "h": 0.01,
    "eps": 0.01,
    "points": [
      0.25,
      0.5,
      0.75
    ]
  },
  "residual_bounds": {
    "lo": [
      -1170.822815828123,
      -707.1148378822522,
      -422.82894435512253
    ],
    "hi": [
      1160.049183138535,
      699.7477498904047,
      418.64815402108843
    ]
  },
  "residual_bounds_deriv": {
    "lo": [
      -5.556681095558015,
      -3.7884028407788253,
      -2.1470372674108344
    ],
    "hi": [
      -5.220827024109564,
      -3.579228285405207,
      -2.033725538698868
    ]
  },
  "u_bounds": [
    {
      "x": 0.25,
      "u_minus": {
        "lo": 0.8724005753316624,
        "hi": 0.931751635759074
      },
      "u": {
        "lo": 0.9023470390366142,
        "hi": 0.9606172463367744
      },
      "u_plus": {
        "lo": 0.931751635759074,
        "hi": 0.9889473606280078
      }
    },
    {
      "x": 0.5,
      "u_minus": {
        "lo": 1.4705545943198888,
        "hi": 1.5064666770423236
      },
      "u": {
        "lo": 1.4886986565719957,
        "hi": 1.5238663775752188
      },
      "u_plus": {
        "lo": 1.5064666770423236,
        "hi": 1.5409054110907083
      }
    },
    {
      "x": 0.75,
      "u_minus": {
        "lo": 1.8279302372813209,
        "hi": 1.8493876413279282
      },
      "u": {
        "lo": 1.8387659133588552,
        "hi": 1.8598003865223807
      },
      "u_plus": {
        "lo": 1.8493876413279282,
        "hi": 1.870009000791891
      }
    }
  ]
}
