{
  "graph": "transformer_encoder_workflow_v1",
  "input_box": {
    "id": 0,
    "dim": 4,
    "lo": [
      0.5,
      1.5,
      2.5,
      3.5
    ],
    "hi": [
      1.5,
      2.5,
      3.5,
      4.5
    ]
  },
  "result": {
    "node_id": 10,
    "dim": 4,
    "lo": [
      -3496357558.1592317,
      -3495357538.156954,
      -3494357518.154676,
      -3493357498.152398
    ],
    "hi": [
      3167936289.5040245,
      3575082886.584842,
      3817765923.51715,
      3418645013.0172434
    ]
  }
}
